{
  "annotations": {
    "list": [
      {
        "builtIn": 1,
        "datasource": "-- Grafana --",
        "enable": true,
        "hide": true,
        "iconColor": "rgba(0, 211, 255, 1)",
        "name": "Annotations & Alerts",
        "type": "dashboard"
      }
    ]
  },
  "editable": true,
  "gnetId": null,
  "graphTooltip": 0,
  "id": 1,
  "iteration": 1558915954360,
  "links": [],
  "panels": [
    {
      "collapsed": false,
      "gridPos": {
        "h": 1,
        "w": 24,
        "x": 0,
        "y": 0
      },
      "id": 32,
      "panels": [],
      "title": "Servers",
      "type": "row"
    },
    {
      "cacheTimeout": null,
      "colorBackground": false,
      "colorValue": false,
      "colors": [
        "#299c46",
        "rgba(237, 129, 40, 0.89)",
        "#d44a3a"
      ],
      "decimals": 0,
      "format": "none",
      "gauge": {
        "maxValue": 100,
        "minValue": 0,
        "show": false,
        "thresholdLabels": false,
        "thresholdMarkers": true
      },
      "gridPos": {
        "h": 3,
        "w": 13,
        "x": 0,
        "y": 1
      },
      "hideTimeOverride": true,
      "id": 16,
      "interval": null,
      "links": [],
      "mappingType": 1,
      "mappingTypes": [
        {
          "name": "value to text",
          "value": 1
        },
        {
          "name": "range to text",
          "value": 2
        }
      ],
      "maxDataPoints": 100,
      "nullPointMode": "connected",
      "nullText": null,
      "postfix": "",
      "postfixFontSize": "50%",
      "prefix": "",
      "prefixFontSize": "50%",
      "rangeMaps": [
        {
          "from": "null",
          "text": "N/A",
          "to": "null"
        }
      ],
      "sparkline": {
        "fillColor": "rgba(31, 118, 189, 0.18)",
        "full": false,
        "lineColor": "rgb(31, 120, 193)",
        "show": false
      },
      "tableColumn": "",
      "targets": [
        {
          "expr": "count(count (wls_jvm_uptime{weblogic_domainUID=\"$domainName\", weblogic_clusterName=\"$clusterName\"}) by (name))",
          "format": "time_series",
          "intervalFactor": 1,
          "legendFormat": "{{weblogic_serverName}}",
          "refId": "A"
        }
      ],
      "thresholds": "",
      "timeFrom": null,
      "timeShift": null,
      "title": "Running Servers",
      "type": "singlestat",
      "valueFontSize": "80%",
      "valueMaps": [
        {
          "op": "=",
          "text": "N/A",
          "value": "null"
        }
      ],
      "valueName": "avg"
    },
    {
      "cacheTimeout": null,
      "colorBackground": false,
      "colorValue": false,
      "colors": [
        "#299c46",
        "rgba(237, 129, 40, 0.89)",
        "#d44a3a"
      ],
      "format": "none",
      "gauge": {
        "maxValue": 100,
        "minValue": 0,
        "show": false,
        "thresholdLabels": false,
        "thresholdMarkers": true
      },
      "gridPos": {
        "h": 3,
        "w": 11,
        "x": 13,
        "y": 1
      },
      "id": 23,
      "interval": null,
      "links": [],
      "mappingType": 1,
      "mappingTypes": [
        {
          "name": "value to text",
          "value": 1
        },
        {
          "name": "range to text",
          "value": 2
        }
      ],
      "maxDataPoints": 100,
      "nullPointMode": "connected",
      "nullText": null,
      "postfix": "",
      "postfixFontSize": "50%",
      "prefix": "",
      "prefixFontSize": "50%",
      "rangeMaps": [
        {
          "from": "null",
          "text": "N/A",
          "to": "null"
        }
      ],
      "sparkline": {
        "fillColor": "rgba(31, 118, 189, 0.18)",
        "full": false,
        "lineColor": "rgb(31, 120, 193)",
        "show": false
      },
      "tableColumn": "",
      "targets": [
        {
          "expr": "count(count(wls_webapp_config_deployment_state{weblogic_domainUID=\"$domainName\", weblogic_clusterName=\"$clusterName\"}) by (app))",
          "format": "time_series",
          "intervalFactor": 1,
          "legendFormat": "",
          "refId": "A"
        }
      ],
      "thresholds": "",
      "timeFrom": null,
      "timeShift": null,
      "title": "Deployed Applications",
      "type": "singlestat",
      "valueFontSize": "80%",
      "valueMaps": [
        {
          "op": "=",
          "text": "N/A",
          "value": "null"
        }
      ],
      "valueName": "avg"
    },
    {
      "cacheTimeout": null,
      "colorBackground": false,
      "colorValue": true,
      "colors": [
        "#299c46",
        "rgba(237, 129, 40, 0.89)",
        "#d44a3a"
      ],
      "decimals": 1,
      "description": "",
      "format": "percent",
      "gauge": {
        "maxValue": 100,
        "minValue": 0,
        "show": false,
        "thresholdLabels": false,
        "thresholdMarkers": true
      },
      "gridPos": {
        "h": 3,
        "w": 6,
        "x": 0,
        "y": 4
      },
      "hideTimeOverride": true,
      "id": 104,
      "interval": null,
      "links": [],
      "mappingType": 1,
      "mappingTypes": [
        {
          "name": "value to text",
          "value": 1
        },
        {
          "name": "range to text",
          "value": 2
        }
      ],
      "maxDataPoints": 100,
      "nullPointMode": "connected",
      "nullText": null,
      "postfix": "",
      "postfixFontSize": "50%",
      "prefix": "",
      "prefixFontSize": "50%",
      "rangeMaps": [
        {
          "from": "null",
          "text": "N/A",
          "to": "null"
        }
      ],
      "repeat": "serverName",
      "repeatDirection": "v",
      "scopedVars": {
        "serverName": {
          "selected": false,
          "text": "managed-server-2",
          "value": "managed-server-2"
        }
      },
      "sparkline": {
        "fillColor": "rgba(31, 118, 189, 0.18)",
        "full": false,
        "lineColor": "rgb(31, 120, 193)",
        "show": false
      },
      "tableColumn": "weblogic_serverName",
      "targets": [
        {
          "expr": "wls_server_activation_time{weblogic_domainUID=\"$domainName\", weblogic_clusterName=\"$clusterName\",weblogic_serverName=\"$serverName\"}",
          "format": "table",
          "hide": false,
          "instant": true,
          "interval": "10s",
          "intervalFactor": 2,
          "legendFormat": "",
          "refId": "A"
        }
      ],
      "thresholds": "50,80",
      "timeFrom": null,
      "timeShift": null,
      "title": "Server Name",
      "type": "singlestat",
      "valueFontSize": "50%",
      "valueMaps": [
        {
          "op": "=",
          "text": "",
          "value": ""
        }
      ],
      "valueName": "current"
    },
    {
      "cacheTimeout": null,
      "colorBackground": false,
      "colorValue": true,
      "colors": [
        "#56A64B",
        "rgba(237, 129, 40, 0.89)",
        "#d44a3a"
      ],
      "format": "none",
      "gauge": {
        "maxValue": 100,
        "minValue": 0,
        "show": false,
        "thresholdLabels": false,
        "thresholdMarkers": true
      },
      "gridPos": {
        "h": 3,
        "w": 4,
        "x": 6,
        "y": 4
      },
      "id": 84,
      "interval": "",
      "links": [],
      "mappingType": 1,
      "mappingTypes": [
        {
          "name": "value to text",
          "value": 1
        },
        {
          "name": "range to text",
          "value": 2
        }
      ],
      "maxDataPoints": 100,
      "nullPointMode": "connected",
      "nullText": null,
      "postfix": "",
      "postfixFontSize": "50%",
      "prefix": "",
      "prefixFontSize": "50%",
      "rangeMaps": [
        {
          "from": "null",
          "text": "N/A",
          "to": "null"
        }
      ],
      "repeat": "serverName",
      "repeatDirection": "v",
      "scopedVars": {
        "serverName": {
          "selected": false,
          "text": "managed-server-2",
          "value": "managed-server-2"
        }
      },
      "sparkline": {
        "fillColor": "rgba(31, 118, 189, 0.18)",
        "full": false,
        "lineColor": "rgb(31, 120, 193)",
        "show": false
      },
      "tableColumn": "",
      "targets": [
        {
          "expr": "wls_server_state_val{weblogic_domainUID=\"$domainName\", weblogic_clusterName=\"$clusterName\", weblogic_serverName=\"$serverName\"}",
          "format": "time_series",
          "intervalFactor": 1,
          "refId": "A"
        }
      ],
      "thresholds": "",
      "timeFrom": null,
      "timeShift": null,
      "title": "Server Status",
      "type": "singlestat",
      "valueFontSize": "50%",
      "valueMaps": [
        {
          "op": "=",
          "text": "SHUTDOWN",
          "value": "0"
        },
        {
          "op": "=",
          "text": "STARTING",
          "value": "1"
        },
        {
          "op": "=",
          "text": "RUNNING",
          "value": "2"
        },
        {
          "op": "=",
          "text": "STANDBY",
          "value": "3"
        },
        {
          "op": "=",
          "text": "FAILED",
          "value": "8"
        },
        {
          "op": "=",
          "text": "FAILED",
          "value": "17"
        }
      ],
      "valueName": "current"
    },
    {
      "cacheTimeout": null,
      "colorBackground": false,
      "colorValue": true,
      "colors": [
        "#299c46",
        "rgba(237, 129, 40, 0.89)",
        "#d44a3a"
      ],
      "decimals": 1,
      "description": "",
      "format": "percent",
      "gauge": {
        "maxValue": 100,
        "minValue": 0,
        "show": true,
        "thresholdLabels": false,
        "thresholdMarkers": true
      },
      "gridPos": {
        "h": 3,
        "w": 4,
        "x": 10,
        "y": 4
      },
      "hideTimeOverride": true,
      "id": 27,
      "interval": null,
      "links": [],
      "mappingType": 1,
      "mappingTypes": [
        {
          "name": "value to text",
          "value": 1
        },
        {
          "name": "range to text",
          "value": 2
        }
      ],
      "maxDataPoints": 100,
      "nullPointMode": "connected",
      "nullText": null,
      "postfix": "",
      "postfixFontSize": "50%",
      "prefix": "",
      "prefixFontSize": "50%",
      "rangeMaps": [
        {
          "from": "null",
          "text": "N/A",
          "to": "null"
        }
      ],
      "repeat": "serverName",
      "repeatDirection": "v",
      "scopedVars": {
        "serverName": {
          "selected": false,
          "text": "managed-server-2",
          "value": "managed-server-2"
        }
      },
      "sparkline": {
        "fillColor": "rgba(31, 118, 189, 0.18)",
        "full": false,
        "lineColor": "rgb(31, 120, 193)",
        "show": true
      },
      "tableColumn": "instance",
      "targets": [
        {
          "expr": "100 - wls_jvm_heap_free_percent{weblogic_domainUID=\"$domainName\", weblogic_clusterName=\"$clusterName\", weblogic_serverName=\"$serverName\"}",
          "format": "time_series",
          "hide": false,
          "instant": true,
          "interval": "10s",
          "intervalFactor": 2,
          "legendFormat": "",
          "refId": "A"
        }
      ],
      "thresholds": "50,80",
      "timeFrom": null,
      "timeShift": null,
      "title": "Heap Usage",
      "type": "singlestat",
      "valueFontSize": "80%",
      "valueMaps": [
        {
          "op": "=",
          "text": "",
          "value": ""
        }
      ],
      "valueName": "current"
    },
    {
      "cacheTimeout": null,
      "colorBackground": false,
      "colorPostfix": false,
      "colorValue": true,
      "colors": [
        "#299c46",
        "rgba(237, 129, 40, 0.89)",
        "#d44a3a"
      ],
      "decimals": 1,
      "description": "",
      "format": "ms",
      "gauge": {
        "maxValue": 100,
        "minValue": 0,
        "show": false,
        "thresholdLabels": false,
        "thresholdMarkers": true
      },
      "gridPos": {
        "h": 3,
        "w": 5,
        "x": 14,
        "y": 4
      },
      "hideTimeOverride": true,
      "id": 91,
      "interval": null,
      "links": [],
      "mappingType": 1,
      "mappingTypes": [
        {
          "name": "value to text",
          "value": 1
        },
        {
          "name": "range to text",
          "value": 2
        }
      ],
      "maxDataPoints": 100,
      "nullPointMode": "connected",
      "nullText": null,
      "postfix": "",
      "postfixFontSize": "50%",
      "prefix": "",
      "prefixFontSize": "50%",
      "rangeMaps": [
        {
          "from": "null",
          "text": "N/A",
          "to": "null"
        }
      ],
      "repeat": "serverName",
      "repeatDirection": "v",
      "scopedVars": {
        "serverName": {
          "selected": false,
          "text": "managed-server-2",
          "value": "managed-server-2"
        }
      },
      "sparkline": {
        "fillColor": "rgba(31, 118, 189, 0.18)",
        "full": false,
        "lineColor": "rgb(31, 120, 193)",
        "show": false
      },
      "tableColumn": "instance",
      "targets": [
        {
          "expr": "wls_jvm_uptime{weblogic_domainUID=\"$domainName\", weblogic_clusterName=\"$clusterName\", weblogic_serverName=\"$serverName\"}",
          "format": "time_series",
          "hide": false,
          "instant": true,
          "interval": "10s",
          "intervalFactor": 2,
          "legendFormat": "",
          "refId": "A"
        }
      ],
      "thresholds": "50,80",
      "timeFrom": null,
      "timeShift": null,
      "title": "Running Time",
      "type": "singlestat",
      "valueFontSize": "50%",
      "valueMaps": [
        {
          "op": "=",
          "text": "",
          "value": ""
        }
      ],
      "valueName": "current"
    },
    {
      "cacheTimeout": null,
      "colorBackground": false,
      "colorPostfix": false,
      "colorValue": true,
      "colors": [
        "#299c46",
        "rgba(237, 129, 40, 0.89)",
        "#d44a3a"
      ],
      "decimals": 0,
      "description": "",
      "format": "short",
      "gauge": {
        "maxValue": 100,
        "minValue": 0,
        "show": false,
        "thresholdLabels": false,
        "thresholdMarkers": true
      },
      "gridPos": {
        "h": 3,
        "w": 5,
        "x": 19,
        "y": 4
      },
      "hideTimeOverride": true,
      "id": 96,
      "interval": null,
      "links": [],
      "mappingType": 1,
      "mappingTypes": [
        {
          "name": "value to text",
          "value": 1
        },
        {
          "name": "range to text",
          "value": 2
        }
      ],
      "maxDataPoints": 100,
      "nullPointMode": "connected",
      "nullText": null,
      "postfix": "",
      "postfixFontSize": "50%",
      "prefix": "",
      "prefixFontSize": "50%",
      "rangeMaps": [
        {
          "from": "null",
          "text": "N/A",
          "to": "null"
        }
      ],
      "repeat": "serverName",
      "repeatDirection": "v",
      "scopedVars": {
        "serverName": {
          "selected": false,
          "text": "managed-server-2",
          "value": "managed-server-2"
        }
      },
      "sparkline": {
        "fillColor": "rgba(31, 118, 189, 0.18)",
        "full": false,
        "lineColor": "rgb(31, 120, 193)",
        "show": false
      },
      "tableColumn": "instance",
      "targets": [
        {
          "expr": "wls_server_open_sockets_current_count{weblogic_domainUID=\"$domainName\", weblogic_clusterName=\"$clusterName\", weblogic_serverName=\"$serverName\"}",
          "format": "time_series",
          "hide": false,
          "instant": true,
          "interval": "10s",
          "intervalFactor": 2,
          "legendFormat": "",
          "refId": "A"
        }
      ],
      "thresholds": "50,80",
      "timeFrom": null,
      "timeShift": null,
      "title": "Open Sockets",
      "type": "singlestat",
      "valueFontSize": "80%",
      "valueMaps": [
        {
          "op": "=",
          "text": "",
          "value": ""
        }
      ],
      "valueName": "current"
    },
    {
      "cacheTimeout": null,
      "colorBackground": false,
      "colorValue": true,
      "colors": [
        "#299c46",
        "rgba(237, 129, 40, 0.89)",
        "#d44a3a"
      ],
      "decimals": 1,
      "description": "",
      "format": "percent",
      "gauge": {
        "maxValue": 100,
        "minValue": 0,
        "show": false,
        "thresholdLabels": false,
        "thresholdMarkers": true
      },
      "gridPos": {
        "h": 3,
        "w": 6,
        "x": 0,
        "y": 7
      },
      "hideTimeOverride": true,
      "id": 148,
      "interval": null,
      "links": [],
      "mappingType": 1,
      "mappingTypes": [
        {
          "name": "value to text",
          "value": 1
        },
        {
          "name": "range to text",
          "value": 2
        }
      ],
      "maxDataPoints": 100,
      "nullPointMode": "connected",
      "nullText": null,
      "postfix": "",
      "postfixFontSize": "50%",
      "prefix": "",
      "prefixFontSize": "50%",
      "rangeMaps": [
        {
          "from": "null",
          "text": "N/A",
          "to": "null"
        }
      ],
      "repeat": null,
      "repeatDirection": "v",
      "repeatIteration": 1558915954360,
      "repeatPanelId": 104,
      "scopedVars": {
        "serverName": {
          "selected": false,
          "text": "managed-server-1",
          "value": "managed-server-1"
        }
      },
      "sparkline": {
        "fillColor": "rgba(31, 118, 189, 0.18)",
        "full": false,
        "lineColor": "rgb(31, 120, 193)",
        "show": false
      },
      "tableColumn": "weblogic_serverName",
      "targets": [
        {
          "expr": "wls_server_activation_time{weblogic_domainUID=\"$domainName\", weblogic_clusterName=\"$clusterName\",weblogic_serverName=\"$serverName\"}",
          "format": "table",
          "hide": false,
          "instant": true,
          "interval": "10s",
          "intervalFactor": 2,
          "legendFormat": "",
          "refId": "A"
        }
      ],
      "thresholds": "50,80",
      "timeFrom": null,
      "timeShift": null,
      "title": "Server Name",
      "type": "singlestat",
      "valueFontSize": "50%",
      "valueMaps": [
        {
          "op": "=",
          "text": "",
          "value": ""
        }
      ],
      "valueName": "current"
    },
    {
      "cacheTimeout": null,
      "colorBackground": false,
      "colorValue": true,
      "colors": [
        "#56A64B",
        "rgba(237, 129, 40, 0.89)",
        "#d44a3a"
      ],
      "format": "none",
      "gauge": {
        "maxValue": 100,
        "minValue": 0,
        "show": false,
        "thresholdLabels": false,
        "thresholdMarkers": true
      },
      "gridPos": {
        "h": 3,
        "w": 4,
        "x": 6,
        "y": 7
      },
      "id": 149,
      "interval": "",
      "links": [],
      "mappingType": 1,
      "mappingTypes": [
        {
          "name": "value to text",
          "value": 1
        },
        {
          "name": "range to text",
          "value": 2
        }
      ],
      "maxDataPoints": 100,
      "nullPointMode": "connected",
      "nullText": null,
      "postfix": "",
      "postfixFontSize": "50%",
      "prefix": "",
      "prefixFontSize": "50%",
      "rangeMaps": [
        {
          "from": "null",
          "text": "N/A",
          "to": "null"
        }
      ],
      "repeat": null,
      "repeatDirection": "v",
      "repeatIteration": 1558915954360,
      "repeatPanelId": 84,
      "scopedVars": {
        "serverName": {
          "selected": false,
          "text": "managed-server-1",
          "value": "managed-server-1"
        }
      },
      "sparkline": {
        "fillColor": "rgba(31, 118, 189, 0.18)",
        "full": false,
        "lineColor": "rgb(31, 120, 193)",
        "show": false
      },
      "tableColumn": "",
      "targets": [
        {
          "expr": "wls_server_state_val{weblogic_domainUID=\"$domainName\", weblogic_clusterName=\"$clusterName\", weblogic_serverName=\"$serverName\"}",
          "format": "time_series",
          "intervalFactor": 1,
          "refId": "A"
        }
      ],
      "thresholds": "",
      "timeFrom": null,
      "timeShift": null,
      "title": "Server Status",
      "type": "singlestat",
      "valueFontSize": "50%",
      "valueMaps": [
        {
          "op": "=",
          "text": "SHUTDOWN",
          "value": "0"
        },
        {
          "op": "=",
          "text": "STARTING",
          "value": "1"
        },
        {
          "op": "=",
          "text": "RUNNING",
          "value": "2"
        },
        {
          "op": "=",
          "text": "STANDBY",
          "value": "3"
        },
        {
          "op": "=",
          "text": "FAILED",
          "value": "8"
        },
        {
          "op": "=",
          "text": "FAILED",
          "value": "17"
        }
      ],
      "valueName": "current"
    },
    {
      "cacheTimeout": null,
      "colorBackground": false,
      "colorValue": true,
      "colors": [
        "#299c46",
        "rgba(237, 129, 40, 0.89)",
        "#d44a3a"
      ],
      "decimals": 1,
      "description": "",
      "format": "percent",
      "gauge": {
        "maxValue": 100,
        "minValue": 0,
        "show": true,
        "thresholdLabels": false,
        "thresholdMarkers": true
      },
      "gridPos": {
        "h": 3,
        "w": 4,
        "x": 10,
        "y": 7
      },
      "hideTimeOverride": true,
      "id": 150,
      "interval": null,
      "links": [],
      "mappingType": 1,
      "mappingTypes": [
        {
          "name": "value to text",
          "value": 1
        },
        {
          "name": "range to text",
          "value": 2
        }
      ],
      "maxDataPoints": 100,
      "nullPointMode": "connected",
      "nullText": null,
      "postfix": "",
      "postfixFontSize": "50%",
      "prefix": "",
      "prefixFontSize": "50%",
      "rangeMaps": [
        {
          "from": "null",
          "text": "N/A",
          "to": "null"
        }
      ],
      "repeat": null,
      "repeatDirection": "v",
      "repeatIteration": 1558915954360,
      "repeatPanelId": 27,
      "scopedVars": {
        "serverName": {
          "selected": false,
          "text": "managed-server-1",
          "value": "managed-server-1"
        }
      },
      "sparkline": {
        "fillColor": "rgba(31, 118, 189, 0.18)",
        "full": false,
        "lineColor": "rgb(31, 120, 193)",
        "show": true
      },
      "tableColumn": "instance",
      "targets": [
        {
          "expr": "100 - wls_jvm_heap_free_percent{weblogic_domainUID=\"$domainName\", weblogic_clusterName=\"$clusterName\", weblogic_serverName=\"$serverName\"}",
          "format": "time_series",
          "hide": false,
          "instant": true,
          "interval": "10s",
          "intervalFactor": 2,
          "legendFormat": "",
          "refId": "A"
        }
      ],
      "thresholds": "50,80",
      "timeFrom": null,
      "timeShift": null,
      "title": "Heap Usage",
      "type": "singlestat",
      "valueFontSize": "80%",
      "valueMaps": [
        {
          "op": "=",
          "text": "",
          "value": ""
        }
      ],
      "valueName": "current"
    },
    {
      "cacheTimeout": null,
      "colorBackground": false,
      "colorPostfix": false,
      "colorValue": true,
      "colors": [
        "#299c46",
        "rgba(237, 129, 40, 0.89)",
        "#d44a3a"
      ],
      "decimals": 1,
      "description": "",
      "format": "ms",
      "gauge": {
        "maxValue": 100,
        "minValue": 0,
        "show": false,
        "thresholdLabels": false,
        "thresholdMarkers": true
      },
      "gridPos": {
        "h": 3,
        "w": 5,
        "x": 14,
        "y": 7
      },
      "hideTimeOverride": true,
      "id": 151,
      "interval": null,
      "links": [],
      "mappingType": 1,
      "mappingTypes": [
        {
          "name": "value to text",
          "value": 1
        },
        {
          "name": "range to text",
          "value": 2
        }
      ],
      "maxDataPoints": 100,
      "nullPointMode": "connected",
      "nullText": null,
      "postfix": "",
      "postfixFontSize": "50%",
      "prefix": "",
      "prefixFontSize": "50%",
      "rangeMaps": [
        {
          "from": "null",
          "text": "N/A",
          "to": "null"
        }
      ],
      "repeat": null,
      "repeatDirection": "v",
      "repeatIteration": 1558915954360,
      "repeatPanelId": 91,
      "scopedVars": {
        "serverName": {
          "selected": false,
          "text": "managed-server-1",
          "value": "managed-server-1"
        }
      },
      "sparkline": {
        "fillColor": "rgba(31, 118, 189, 0.18)",
        "full": false,
        "lineColor": "rgb(31, 120, 193)",
        "show": false
      },
      "tableColumn": "instance",
      "targets": [
        {
          "expr": "wls_jvm_uptime{weblogic_domainUID=\"$domainName\", weblogic_clusterName=\"$clusterName\", weblogic_serverName=\"$serverName\"}",
          "format": "time_series",
          "hide": false,
          "instant": true,
          "interval": "10s",
          "intervalFactor": 2,
          "legendFormat": "",
          "refId": "A"
        }
      ],
      "thresholds": "50,80",
      "timeFrom": null,
      "timeShift": null,
      "title": "Running Time",
      "type": "singlestat",
      "valueFontSize": "50%",
      "valueMaps": [
        {
          "op": "=",
          "text": "",
          "value": ""
        }
      ],
      "valueName": "current"
    },
    {
      "cacheTimeout": null,
      "colorBackground": false,
      "colorPostfix": false,
      "colorValue": true,
      "colors": [
        "#299c46",
        "rgba(237, 129, 40, 0.89)",
        "#d44a3a"
      ],
      "decimals": 0,
      "description": "",
      "format": "short",
      "gauge": {
        "maxValue": 100,
        "minValue": 0,
        "show": false,
        "thresholdLabels": false,
        "thresholdMarkers": true
      },
      "gridPos": {
        "h": 3,
        "w": 5,
        "x": 19,
        "y": 7
      },
      "hideTimeOverride": true,
      "id": 152,
      "interval": null,
      "links": [],
      "mappingType": 1,
      "mappingTypes": [
        {
          "name": "value to text",
          "value": 1
        },
        {
          "name": "range to text",
          "value": 2
        }
      ],
      "maxDataPoints": 100,
      "nullPointMode": "connected",
      "nullText": null,
      "postfix": "",
      "postfixFontSize": "50%",
      "prefix": "",
      "prefixFontSize": "50%",
      "rangeMaps": [
        {
          "from": "null",
          "text": "N/A",
          "to": "null"
        }
      ],
      "repeat": null,
      "repeatDirection": "v",
      "repeatIteration": 1558915954360,
      "repeatPanelId": 96,
      "scopedVars": {
        "serverName": {
          "selected": false,
          "text": "managed-server-1",
          "value": "managed-server-1"
        }
      },
      "sparkline": {
        "fillColor": "rgba(31, 118, 189, 0.18)",
        "full": false,
        "lineColor": "rgb(31, 120, 193)",
        "show": false
      },
      "tableColumn": "instance",
      "targets": [
        {
          "expr": "wls_server_open_sockets_current_count{weblogic_domainUID=\"$domainName\", weblogic_clusterName=\"$clusterName\", weblogic_serverName=\"$serverName\"}",
          "format": "time_series",
          "hide": false,
          "instant": true,
          "interval": "10s",
          "intervalFactor": 2,
          "legendFormat": "",
          "refId": "A"
        }
      ],
      "thresholds": "50,80",
      "timeFrom": null,
      "timeShift": null,
      "title": "Open Sockets",
      "type": "singlestat",
      "valueFontSize": "80%",
      "valueMaps": [
        {
          "op": "=",
          "text": "",
          "value": ""
        }
      ],
      "valueName": "current"
    },
    {
      "aliasColors": {
        " heap free  managed-server-1": "super-light-green",
        " heap free  managed-server-2": "dark-green",
        "heap size managed-server-1 ": "super-light-red",
        "heap size managed-server-2 ": "dark-red"
      },
      "bars": false,
      "dashLength": 10,
      "dashes": false,
      "fill": 1,
      "gridPos": {
        "h": 10,
        "w": 24,
        "x": 0,
        "y": 10
      },
      "id": 12,
      "legend": {
        "alignAsTable": true,
        "avg": true,
        "current": true,
        "max": true,
        "min": false,
        "rightSide": false,
        "show": true,
        "total": false,
        "values": true
      },
      "lines": true,
      "linewidth": 1,
      "links": [],
      "nullPointMode": "null",
      "paceLength": 10,
      "percentage": false,
      "pointradius": 2,
      "points": false,
      "renderer": "flot",
      "seriesOverrides": [],
      "spaceLength": 10,
      "stack": false,
      "steppedLine": false,
      "targets": [
        {
          "expr": "wls_jvm_heap_free_current{weblogic_domainUID=\"$domainName\", weblogic_clusterName=\"$clusterName\", weblogic_serverName=~\"${serverName:regex}\"}",
          "format": "time_series",
          "intervalFactor": 1,
          "legendFormat": " Heap Free  ({{weblogic_serverName}})",
          "refId": "B"
        },
        {
          "expr": "wls_jvm_heap_size_current{weblogic_domainUID=\"$domainName\", weblogic_clusterName=\"$clusterName\", weblogic_serverName=~\"${serverName:regex}\"}",
          "format": "time_series",
          "instant": false,
          "intervalFactor": 1,
          "legendFormat": "Heap Size ({{weblogic_serverName}})",
          "refId": "A"
        },
        {
          "expr": "wls_jvm_heap_size_max{weblogic_domainUID=\"$domainName\", weblogic_clusterName=\"$clusterName\", weblogic_serverName=~\"${serverName:regex}\"}",
          "format": "time_series",
          "hide": true,
          "intervalFactor": 1,
          "legendFormat": "Heap Max  ({{weblogic_serverName}})",
          "refId": "C"
        }
      ],
      "thresholds": [],
      "timeFrom": null,
      "timeRegions": [],
      "timeShift": null,
      "title": "JVM Heap",
      "tooltip": {
        "shared": true,
        "sort": 0,
        "value_type": "individual"
      },
      "type": "graph",
      "xaxis": {
        "buckets": null,
        "mode": "time",
        "name": null,
        "show": true,
        "values": []
      },
      "yaxes": [
        {
          "format": "decbytes",
          "label": null,
          "logBase": 1,
          "max": null,
          "min": null,
          "show": true
        },
        {
          "format": "short",
          "label": null,
          "logBase": 1,
          "max": null,
          "min": null,
          "show": true
        }
      ],
      "yaxis": {
        "align": false,
        "alignLevel": null
      }
    },
    {
      "aliasColors": {
        " heap free  managed-server-1": "super-light-green",
        " heap free  managed-server-2": "dark-green",
        "heap size managed-server-1 ": "super-light-red",
        "heap size managed-server-2 ": "dark-red"
      },
      "bars": false,
      "dashLength": 10,
      "dashes": false,
      "fill": 1,
      "gridPos": {
        "h": 7,
        "w": 12,
        "x": 0,
        "y": 20
      },
      "id": 21,
      "legend": {
        "alignAsTable": false,
        "avg": false,
        "current": true,
        "max": false,
        "min": false,
        "rightSide": false,
        "show": true,
        "total": false,
        "values": true
      },
      "lines": true,
      "linewidth": 1,
      "links": [],
      "nullPointMode": "null",
      "paceLength": 10,
      "percentage": false,
      "pointradius": 2,
      "points": false,
      "renderer": "flot",
      "seriesOverrides": [],
      "spaceLength": 10,
      "stack": false,
      "steppedLine": false,
      "targets": [
        {
          "expr": "wls_jvm_process_cpu_load{weblogic_domainUID=~\"$domainName\", weblogic_clusterName=~\"$clusterName\", weblogic_serverName=~\"${serverName:regex}\"} * 100",
          "format": "time_series",
          "intervalFactor": 1,
          "legendFormat": " {{weblogic_serverName}}",
          "refId": "B"
        }
      ],
      "thresholds": [],
      "timeFrom": null,
      "timeRegions": [],
      "timeShift": null,
      "title": "CPU Load",
      "tooltip": {
        "shared": true,
        "sort": 0,
        "value_type": "individual"
      },
      "type": "graph",
      "xaxis": {
        "buckets": null,
        "mode": "time",
        "name": null,
        "show": true,
        "values": []
      },
      "yaxes": [
        {
          "format": "percent",
          "label": null,
          "logBase": 1,
          "max": null,
          "min": null,
          "show": true
        },
        {
          "format": "short",
          "label": null,
          "logBase": 1,
          "max": null,
          "min": null,
          "show": true
        }
      ],
      "yaxis": {
        "align": false,
        "alignLevel": null
      }
    },
    {
      "aliasColors": {},
      "bars": false,
      "dashLength": 10,
      "dashes": false,
      "fill": 1,
      "gridPos": {
        "h": 7,
        "w": 12,
        "x": 12,
        "y": 20
      },
      "id": 10,
      "legend": {
        "alignAsTable": false,
        "avg": false,
        "current": true,
        "max": false,
        "min": false,
        "rightSide": false,
        "show": true,
        "total": false,
        "values": true
      },
      "lines": true,
      "linewidth": 1,
      "links": [],
      "nullPointMode": "null",
      "paceLength": 10,
      "percentage": false,
      "pointradius": 2,
      "points": false,
      "renderer": "flot",
      "seriesOverrides": [],
      "spaceLength": 10,
      "stack": false,
      "steppedLine": false,
      "targets": [
        {
          "expr": "wls_threadpool_execute_thread_total_count{weblogic_domainUID=\"$domainName\", weblogic_clusterName=\"$clusterName\", weblogic_serverName=~\"${serverName:regex}\"}",
          "format": "time_series",
          "intervalFactor": 1,
          "legendFormat": "Total Threads ({{weblogic_serverName}})",
          "refId": "A"
        },
        {
          "expr": "wls_threadpool_stuck_thread_count{weblogic_domainUID=\"$domainName\", weblogic_clusterName=\"$clusterName\", weblogic_serverName=~\"${serverName:regex}\"}",
          "format": "time_series",
          "intervalFactor": 1,
          "legendFormat": "Stuck Threads ({{weblogic_serverName}})",
          "refId": "D"
        },
        {
          "expr": "wls_threadpool_queue_length{weblogic_domainUID=\"$domainName\", weblogic_clusterName=\"$clusterName\", weblogic_serverName=~\"${serverName:regex}\"}",
          "format": "time_series",
          "hide": true,
          "intervalFactor": 1,
          "legendFormat": "queue",
          "refId": "C"
        },
        {
          "expr": "wls_threadpool_hogging_thread_count{weblogic_domainUID=\"$domainName\", weblogic_clusterName=\"$clusterName\", weblogic_serverName=~\"${serverName:regex}\"}",
          "format": "time_series",
          "hide": true,
          "intervalFactor": 1,
          "legendFormat": "hogging",
          "refId": "B"
        }
      ],
      "thresholds": [],
      "timeFrom": null,
      "timeRegions": [],
      "timeShift": null,
      "title": "Thread Pool",
      "tooltip": {
        "shared": true,
        "sort": 0,
        "value_type": "individual"
      },
      "type": "graph",
      "xaxis": {
        "buckets": null,
        "mode": "time",
        "name": null,
        "show": true,
        "values": []
      },
      "yaxes": [
        {
          "format": "short",
          "label": null,
          "logBase": 1,
          "max": null,
          "min": null,
          "show": true
        },
        {
          "format": "short",
          "label": null,
          "logBase": 1,
          "max": null,
          "min": null,
          "show": true
        }
      ],
      "yaxis": {
        "align": false,
        "alignLevel": null
      }
    },
    {
      "collapsed": true,
      "gridPos": {
        "h": 1,
        "w": 24,
        "x": 0,
        "y": 27
      },
      "id": 35,
      "panels": [
        {
          "columns": [],
          "fontSize": "100%",
          "gridPos": {
            "h": 7,
            "w": 8,
            "x": 0,
            "y": 28
          },
          "hideTimeOverride": true,
          "id": 126,
          "links": [],
          "pageSize": null,
          "scroll": true,
          "showHeader": true,
          "sort": {
            "col": 13,
            "desc": true
          },
          "styles": [
            {
              "alias": "Time",
              "dateFormat": "YYYY-MM-DD HH:mm:ss",
              "pattern": "Time",
              "type": "hidden"
            },
            {
              "alias": "Webapp",
              "colorMode": null,
              "colors": [
                "rgba(245, 54, 54, 0.9)",
                "rgba(237, 129, 40, 0.89)",
                "rgba(50, 172, 45, 0.97)"
              ],
              "dateFormat": "YYYY-MM-DD HH:mm:ss",
              "decimals": 2,
              "mappingType": 1,
              "pattern": "app",
              "thresholds": [],
              "type": "string",
              "unit": "short"
            },
            {
              "alias": "Total Sessions",
              "colorMode": null,
              "colors": [
                "rgba(245, 54, 54, 0.9)",
                "rgba(237, 129, 40, 0.89)",
                "rgba(50, 172, 45, 0.97)"
              ],
              "dateFormat": "YYYY-MM-DD HH:mm:ss",
              "decimals": 0,
              "mappingType": 1,
              "pattern": "Value",
              "thresholds": [],
              "type": "number",
              "unit": "short"
            },
            {
              "alias": "",
              "colorMode": null,
              "colors": [
                "rgba(245, 54, 54, 0.9)",
                "rgba(237, 129, 40, 0.89)",
                "rgba(50, 172, 45, 0.97)"
              ],
              "decimals": 2,
              "pattern": "/.*/",
              "thresholds": [],
              "type": "hidden",
              "unit": "short"
            }
          ],
          "targets": [
            {
              "expr": "topk($topN,sum(wls_webapp_config_sessions_opened_total_count{weblogic_domainUID=\"$domainName\", weblogic_clusterName=\"$clusterName\", weblogic_serverName=~\"${serverName:regex}\"}) by (app))",
              "format": "table",
              "instant": true,
              "intervalFactor": 1,
              "refId": "B"
            }
          ],
          "timeFrom": null,
          "timeShift": null,
          "title": "Total Sessions (top $topN)",
          "transform": "table",
          "type": "table"
        },
        {
          "columns": [],
          "fontSize": "100%",
          "gridPos": {
            "h": 7,
            "w": 8,
            "x": 8,
            "y": 28
          },
          "hideTimeOverride": true,
          "id": 136,
          "links": [],
          "pageSize": null,
          "scroll": true,
          "showHeader": true,
          "sort": {
            "col": 13,
            "desc": true
          },
          "styles": [
            {
              "alias": "Time",
              "dateFormat": "YYYY-MM-DD HH:mm:ss",
              "pattern": "Time",
              "type": "hidden"
            },
            {
              "alias": "Webapp",
              "colorMode": null,
              "colors": [
                "rgba(245, 54, 54, 0.9)",
                "rgba(237, 129, 40, 0.89)",
                "rgba(50, 172, 45, 0.97)"
              ],
              "dateFormat": "YYYY-MM-DD HH:mm:ss",
              "decimals": 2,
              "mappingType": 1,
              "pattern": "app",
              "thresholds": [],
              "type": "string",
              "unit": "short"
            },
            {
              "alias": "Total Requests",
              "colorMode": null,
              "colors": [
                "rgba(245, 54, 54, 0.9)",
                "rgba(237, 129, 40, 0.89)",
                "rgba(50, 172, 45, 0.97)"
              ],
              "dateFormat": "YYYY-MM-DD HH:mm:ss",
              "decimals": 0,
              "mappingType": 1,
              "pattern": "Value",
              "thresholds": [],
              "type": "number",
              "unit": "short"
            },
            {
              "alias": "",
              "colorMode": null,
              "colors": [
                "rgba(245, 54, 54, 0.9)",
                "rgba(237, 129, 40, 0.89)",
                "rgba(50, 172, 45, 0.97)"
              ],
              "decimals": 2,
              "pattern": "/.*/",
              "thresholds": [],
              "type": "hidden",
              "unit": "short"
            }
          ],
          "targets": [
            {
              "expr": "topk($topN,sum(wls_servlet_invocation_total_count{weblogic_domainUID=\"$domainName\", weblogic_clusterName=\"$clusterName\", weblogic_serverName=~\"${serverName:regex}\"}) by (app))",
              "format": "table",
              "instant": true,
              "intervalFactor": 1,
              "refId": "B"
            }
          ],
          "timeFrom": null,
          "timeShift": null,
          "title": "Total Requests (top $topN)",
          "transform": "table",
          "type": "table"
        },
        {
          "columns": [],
          "fontSize": "100%",
          "gridPos": {
            "h": 7,
            "w": 8,
            "x": 16,
            "y": 28
          },
          "hideTimeOverride": true,
          "id": 134,
          "links": [],
          "pageSize": null,
          "scroll": true,
          "showHeader": true,
          "sort": {
            "col": 13,
            "desc": true
          },
          "styles": [
            {
              "alias": "Time",
              "dateFormat": "YYYY-MM-DD HH:mm:ss",
              "pattern": "Time",
              "type": "hidden"
            },
            {
              "alias": "Webapp",
              "colorMode": null,
              "colors": [
                "rgba(245, 54, 54, 0.9)",
                "rgba(237, 129, 40, 0.89)",
                "rgba(50, 172, 45, 0.97)"
              ],
              "dateFormat": "YYYY-MM-DD HH:mm:ss",
              "decimals": 2,
              "mappingType": 1,
              "pattern": "app",
              "thresholds": [],
              "type": "string",
              "unit": "short"
            },
            {
              "alias": "Total Time",
              "colorMode": null,
              "colors": [
                "rgba(245, 54, 54, 0.9)",
                "rgba(237, 129, 40, 0.89)",
                "rgba(50, 172, 45, 0.97)"
              ],
              "dateFormat": "YYYY-MM-DD HH:mm:ss",
              "decimals": 0,
              "mappingType": 1,
              "pattern": "Value",
              "thresholds": [],
              "type": "number",
              "unit": "ms"
            },
            {
              "alias": "",
              "colorMode": null,
              "colors": [
                "rgba(245, 54, 54, 0.9)",
                "rgba(237, 129, 40, 0.89)",
                "rgba(50, 172, 45, 0.97)"
              ],
              "decimals": 2,
              "pattern": "/.*/",
              "thresholds": [],
              "type": "hidden",
              "unit": "short"
            }
          ],
          "targets": [
            {
              "expr": "topk($topN,sum(wls_servlet_execution_time_total{weblogic_domainUID=\"$domainName\", weblogic_clusterName=\"$clusterName\", weblogic_serverName=~\"${serverName:regex}\"}) by (app))",
              "format": "table",
              "instant": true,
              "intervalFactor": 1,
              "refId": "B"
            }
          ],
          "timeFrom": null,
          "timeShift": null,
          "title": "Total Execution Time (top $topN)",
          "transform": "table",
          "type": "table"
        },
        {
          "aliasColors": {},
          "bars": false,
          "dashLength": 10,
          "dashes": false,
          "fill": 1,
          "gridPos": {
            "h": 8,
            "w": 12,
            "x": 0,
            "y": 35
          },
          "id": 14,
          "legend": {
            "alignAsTable": false,
            "avg": false,
            "current": false,
            "max": false,
            "min": false,
            "rightSide": false,
            "show": true,
            "sort": "current",
            "sortDesc": true,
            "total": false,
            "values": false
          },
          "lines": true,
          "linewidth": 1,
          "links": [],
          "nullPointMode": "null",
          "paceLength": 10,
          "percentage": false,
          "pointradius": 2,
          "points": false,
          "renderer": "flot",
          "seriesOverrides": [],
          "spaceLength": 10,
          "stack": false,
          "steppedLine": false,
          "targets": [
            {
              "expr": "sum(wls_webapp_config_open_sessions_current_count{weblogic_domainUID=\"$domainName\", weblogic_clusterName=\"$clusterName\", weblogic_serverName=~\"${serverName:regex}\"}) by (app)",
              "format": "time_series",
              "interval": "",
              "intervalFactor": 1,
              "legendFormat": "{{app}}",
              "refId": "A"
            },
            {
              "expr": "",
              "format": "time_series",
              "intervalFactor": 1,
              "refId": "B"
            }
          ],
          "thresholds": [],
          "timeFrom": null,
          "timeRegions": [],
          "timeShift": null,
          "title": "Current Sessions ",
          "tooltip": {
            "shared": true,
            "sort": 0,
            "value_type": "individual"
          },
          "type": "graph",
          "xaxis": {
            "buckets": null,
            "mode": "time",
            "name": null,
            "show": true,
            "values": []
          },
          "yaxes": [
            {
              "format": "short",
              "label": "",
              "logBase": 1,
              "max": null,
              "min": null,
              "show": true
            },
            {
              "format": "short",
              "label": null,
              "logBase": 1,
              "max": null,
              "min": null,
              "show": true
            }
          ],
          "yaxis": {
            "align": false,
            "alignLevel": null
          }
        },
        {
          "aliasColors": {},
          "bars": true,
          "dashLength": 10,
          "dashes": false,
          "fill": 1,
          "gridPos": {
            "h": 8,
            "w": 12,
            "x": 12,
            "y": 35
          },
          "id": 128,
          "legend": {
            "alignAsTable": false,
            "avg": false,
            "current": false,
            "max": false,
            "min": false,
            "rightSide": false,
            "show": true,
            "sort": "current",
            "sortDesc": true,
            "total": false,
            "values": false
          },
          "lines": false,
          "linewidth": 1,
          "links": [],
          "nullPointMode": "null",
          "paceLength": 10,
          "percentage": false,
          "pointradius": 2,
          "points": false,
          "renderer": "flot",
          "seriesOverrides": [],
          "spaceLength": 10,
          "stack": false,
          "steppedLine": false,
          "targets": [
            {
              "expr": " sum(irate(wls_webapp_config_sessions_opened_total_count{weblogic_domainUID=\"$domainName\", weblogic_clusterName=\"$clusterName\", weblogic_serverName=~\"${serverName:regex}\"}[5m])) by (app)",
              "format": "time_series",
              "intervalFactor": 1,
              "legendFormat": "{{app}}",
              "refId": "A"
            }
          ],
          "thresholds": [],
          "timeFrom": null,
          "timeRegions": [],
          "timeShift": null,
          "title": "Session Rate ",
          "tooltip": {
            "shared": true,
            "sort": 0,
            "value_type": "individual"
          },
          "type": "graph",
          "xaxis": {
            "buckets": null,
            "mode": "time",
            "name": null,
            "show": true,
            "values": []
          },
          "yaxes": [
            {
              "decimals": 0,
              "format": "short",
              "label": "per second",
              "logBase": 1,
              "max": null,
              "min": "0",
              "show": true
            },
            {
              "format": "short",
              "label": null,
              "logBase": 1,
              "max": null,
              "min": null,
              "show": true
            }
          ],
          "yaxis": {
            "align": false,
            "alignLevel": null
          }
        },
        {
          "aliasColors": {},
          "bars": false,
          "dashLength": 10,
          "dashes": false,
          "fill": 1,
          "gridPos": {
            "h": 7,
            "w": 12,
            "x": 0,
            "y": 43
          },
          "id": 132,
          "legend": {
            "alignAsTable": false,
            "avg": false,
            "current": false,
            "max": false,
            "min": false,
            "rightSide": false,
            "show": true,
            "sort": "current",
            "sortDesc": true,
            "total": false,
            "values": false
          },
          "lines": true,
          "linewidth": 1,
          "links": [],
          "nullPointMode": "null",
          "paceLength": 10,
          "percentage": false,
          "pointradius": 2,
          "points": false,
          "renderer": "flot",
          "seriesOverrides": [],
          "spaceLength": 10,
          "stack": false,
          "steppedLine": false,
          "targets": [
            {
              "expr": "(sum(wls_servlet_execution_time_average{weblogic_domainUID=\"$domainName\", weblogic_clusterName=\"$clusterName\", weblogic_serverName=~\"${serverName:regex}\"}) by (app)) / (count(wls_servlet_execution_time_average{weblogic_domainUID=\"domain1\", weblogic_clusterName=\"cluster-1\"}) by (app))",
              "format": "time_series",
              "interval": "",
              "intervalFactor": 1,
              "legendFormat": "{{app}}",
              "refId": "A"
            }
          ],
          "thresholds": [],
          "timeFrom": null,
          "timeRegions": [],
          "timeShift": null,
          "title": "Execution Time per Request ",
          "tooltip": {
            "shared": true,
            "sort": 0,
            "value_type": "individual"
          },
          "type": "graph",
          "xaxis": {
            "buckets": null,
            "mode": "time",
            "name": null,
            "show": true,
            "values": []
          },
          "yaxes": [
            {
              "format": "ms",
              "label": "",
              "logBase": 1,
              "max": null,
              "min": null,
              "show": true
            },
            {
              "format": "short",
              "label": null,
              "logBase": 1,
              "max": null,
              "min": null,
              "show": true
            }
          ],
          "yaxis": {
            "align": false,
            "alignLevel": null
          }
        },
        {
          "aliasColors": {},
          "bars": true,
          "dashLength": 10,
          "dashes": false,
          "fill": 1,
          "gridPos": {
            "h": 7,
            "w": 12,
            "x": 12,
            "y": 43
          },
          "id": 138,
          "legend": {
            "alignAsTable": false,
            "avg": false,
            "current": false,
            "max": false,
            "min": false,
            "rightSide": false,
            "show": true,
            "sort": "current",
            "sortDesc": true,
            "total": false,
            "values": false
          },
          "lines": false,
          "linewidth": 1,
          "links": [],
          "nullPointMode": "null",
          "paceLength": 10,
          "percentage": false,
          "pointradius": 2,
          "points": false,
          "renderer": "flot",
          "seriesOverrides": [],
          "spaceLength": 10,
          "stack": false,
          "steppedLine": false,
          "targets": [
            {
              "expr": "sum(irate(wls_servlet_invocation_total_count{weblogic_domainUID=\"$domainName\", weblogic_clusterName=\"$clusterName\", weblogic_serverName=~\"${serverName:regex}\"}[5m])) by (app)",
              "format": "time_series",
              "intervalFactor": 1,
              "legendFormat": "{{app}}",
              "refId": "A"
            }
          ],
          "thresholds": [],
          "timeFrom": null,
          "timeRegions": [],
          "timeShift": null,
          "title": "Request Rate ",
          "tooltip": {
            "shared": true,
            "sort": 0,
            "value_type": "individual"
          },
          "type": "graph",
          "xaxis": {
            "buckets": null,
            "mode": "time",
            "name": null,
            "show": true,
            "values": []
          },
          "yaxes": [
            {
              "decimals": 0,
              "format": "short",
              "label": "per second",
              "logBase": 1,
              "max": null,
              "min": "0",
              "show": true
            },
            {
              "format": "short",
              "label": null,
              "logBase": 1,
              "max": null,
              "min": null,
              "show": true
            }
          ],
          "yaxis": {
            "align": false,
            "alignLevel": null
          }
        }
      ],
      "title": "Web Applications",
      "type": "row"
    },
    {
      "collapsed": true,
      "gridPos": {
        "h": 1,
        "w": 24,
        "x": 0,
        "y": 28
      },
      "id": 43,
      "panels": [
        {
          "columns": [],
          "fontSize": "100%",
          "gridPos": {
            "h": 4,
            "w": 24,
            "x": 0,
            "y": 29
          },
          "hideTimeOverride": true,
          "id": 111,
          "links": [],
          "pageSize": null,
          "scroll": true,
          "showHeader": true,
          "sort": {
            "col": 0,
            "desc": true
          },
          "styles": [
            {
              "alias": "Time",
              "dateFormat": "YYYY-MM-DD HH:mm:ss",
              "pattern": "Time",
              "type": "hidden"
            },
            {
              "alias": "Server",
              "colorMode": null,
              "colors": [
                "rgba(245, 54, 54, 0.9)",
                "rgba(237, 129, 40, 0.89)",
                "rgba(50, 172, 45, 0.97)"
              ],
              "dateFormat": "YYYY-MM-DD HH:mm:ss",
              "decimals": 2,
              "mappingType": 1,
              "pattern": "weblogic_serverName",
              "thresholds": [],
              "type": "string",
              "unit": "short"
            },
            {
              "alias": "Name",
              "colorMode": null,
              "colors": [
                "rgba(245, 54, 54, 0.9)",
                "rgba(237, 129, 40, 0.89)",
                "rgba(50, 172, 45, 0.97)"
              ],
              "dateFormat": "YYYY-MM-DD HH:mm:ss",
              "decimals": 2,
              "mappingType": 1,
              "pattern": "name",
              "thresholds": [],
              "type": "string",
              "unit": "short"
            },
            {
              "alias": "Active Connections",
              "colorMode": null,
              "colors": [
                "rgba(245, 54, 54, 0.9)",
                "rgba(237, 129, 40, 0.89)",
                "rgba(50, 172, 45, 0.97)"
              ],
              "dateFormat": "YYYY-MM-DD HH:mm:ss",
              "decimals": 0,
              "mappingType": 1,
              "pattern": "Value #A",
              "thresholds": [],
              "type": "number",
              "unit": "short"
            },
            {
              "alias": "Current Capacity",
              "colorMode": null,
              "colors": [
                "rgba(245, 54, 54, 0.9)",
                "rgba(237, 129, 40, 0.89)",
                "rgba(50, 172, 45, 0.97)"
              ],
              "dateFormat": "YYYY-MM-DD HH:mm:ss",
              "decimals": 0,
              "mappingType": 1,
              "pattern": "Value #C",
              "thresholds": [],
              "type": "number",
              "unit": "short"
            },
            {
              "alias": "Total Connections",
              "colorMode": null,
              "colors": [
                "rgba(245, 54, 54, 0.9)",
                "rgba(237, 129, 40, 0.89)",
                "rgba(50, 172, 45, 0.97)"
              ],
              "dateFormat": "YYYY-MM-DD HH:mm:ss",
              "decimals": 0,
              "mappingType": 1,
              "pattern": "Value #D",
              "thresholds": [],
              "type": "number",
              "unit": "short"
            },
            {
              "alias": "Total Connections",
              "colorMode": null,
              "colors": [
                "rgba(245, 54, 54, 0.9)",
                "rgba(237, 129, 40, 0.89)",
                "rgba(50, 172, 45, 0.97)"
              ],
              "dateFormat": "YYYY-MM-DD HH:mm:ss",
              "decimals": 0,
              "mappingType": 1,
              "pattern": "Value #D",
              "thresholds": [],
              "type": "number",
              "unit": "short"
            },
            {
              "alias": "",
              "colorMode": null,
              "colors": [
                "rgba(245, 54, 54, 0.9)",
                "rgba(237, 129, 40, 0.89)",
                "rgba(50, 172, 45, 0.97)"
              ],
              "decimals": 2,
              "pattern": "/.*/",
              "thresholds": [],
              "type": "hidden",
              "unit": "short"
            }
          ],
          "targets": [
            {
              "expr": "sum(wls_datasource_curr_capacity{weblogic_domainUID=\"$domainName\", weblogic_clusterName=\"$clusterName\", weblogic_serverName=~\"${serverName:regex}\"}) by (weblogic_serverName,name)",
              "format": "table",
              "instant": true,
              "intervalFactor": 1,
              "refId": "C"
            },
            {
              "expr": "sum(wls_datasource_active_connections_current_count{weblogic_domainUID=\"$domainName\", weblogic_clusterName=\"$clusterName\", weblogic_serverName=~\"${serverName:regex}\"}) by (weblogic_serverName,name)",
              "format": "table",
              "instant": true,
              "intervalFactor": 1,
              "refId": "A"
            },
            {
              "expr": "sum(wls_datasource_connections_total_count{weblogic_domainUID=\"$domainName\", weblogic_clusterName=\"$clusterName\", weblogic_serverName=~\"${serverName:regex}\"}) by (weblogic_serverName,name)",
              "format": "table",
              "instant": true,
              "intervalFactor": 1,
              "refId": "D"
            }
          ],
          "timeFrom": null,
          "timeShift": null,
          "title": "Overview",
          "transform": "table",
          "type": "table"
        },
        {
          "aliasColors": {},
          "bars": false,
          "dashLength": 10,
          "dashes": false,
          "fill": 1,
          "gridPos": {
            "h": 8,
            "w": 13,
            "x": 0,
            "y": 33
          },
          "id": 50,
          "legend": {
            "alignAsTable": false,
            "avg": false,
            "current": false,
            "max": false,
            "min": false,
            "rightSide": false,
            "show": true,
            "sort": "current",
            "sortDesc": true,
            "total": false,
            "values": false
          },
          "lines": true,
          "linewidth": 1,
          "links": [],
          "nullPointMode": "null",
          "paceLength": 10,
          "percentage": false,
          "pointradius": 2,
          "points": false,
          "renderer": "flot",
          "seriesOverrides": [],
          "spaceLength": 10,
          "stack": false,
          "steppedLine": false,
          "targets": [
            {
              "expr": "wls_datasource_active_connections_current_count{weblogic_domainUID=\"$domainName\", weblogic_clusterName=\"$clusterName\", weblogic_serverName=~\"${serverName:regex}\"}",
              "format": "time_series",
              "intervalFactor": 1,
              "legendFormat": " {{name}} @ {{weblogic_serverName}}",
              "refId": "A"
            }
          ],
          "thresholds": [],
          "timeFrom": null,
          "timeRegions": [],
          "timeShift": null,
          "title": "Active Connections",
          "tooltip": {
            "shared": true,
            "sort": 0,
            "value_type": "individual"
          },
          "type": "graph",
          "xaxis": {
            "buckets": null,
            "mode": "time",
            "name": null,
            "show": true,
            "values": []
          },
          "yaxes": [
            {
              "decimals": 0,
              "format": "short",
              "label": null,
              "logBase": 1,
              "max": null,
              "min": "0",
              "show": true
            },
            {
              "format": "short",
              "label": null,
              "logBase": 1,
              "max": null,
              "min": null,
              "show": true
            }
          ],
          "yaxis": {
            "align": false,
            "alignLevel": null
          }
        },
        {
          "aliasColors": {},
          "bars": true,
          "dashLength": 10,
          "dashes": false,
          "fill": 1,
          "gridPos": {
            "h": 8,
            "w": 11,
            "x": 13,
            "y": 33
          },
          "id": 71,
          "legend": {
            "alignAsTable": false,
            "avg": false,
            "current": false,
            "max": false,
            "min": false,
            "rightSide": false,
            "show": true,
            "total": false,
            "values": false
          },
          "lines": true,
          "linewidth": 1,
          "links": [],
          "nullPointMode": "null",
          "paceLength": 10,
          "percentage": false,
          "pointradius": 2,
          "points": false,
          "renderer": "flot",
          "seriesOverrides": [],
          "spaceLength": 10,
          "stack": false,
          "steppedLine": false,
          "targets": [
            {
              "expr": "irate(wls_datasource_connections_total_count{weblogic_domainUID=\"$domainName\", weblogic_clusterName=\"$clusterName\", weblogic_serverName=~\"${serverName:regex}\"}[5m])",
              "format": "time_series",
              "intervalFactor": 1,
              "legendFormat": " {{name}} @ {{weblogic_serverName}}",
              "refId": "A"
            }
          ],
          "thresholds": [],
          "timeFrom": null,
          "timeRegions": [],
          "timeShift": null,
          "title": "Connection Rate",
          "tooltip": {
            "shared": true,
            "sort": 0,
            "value_type": "individual"
          },
          "type": "graph",
          "xaxis": {
            "buckets": null,
            "mode": "time",
            "name": null,
            "show": true,
            "values": []
          },
          "yaxes": [
            {
              "decimals": 0,
              "format": "short",
              "label": "per second",
              "logBase": 1,
              "max": null,
              "min": "0",
              "show": true
            },
            {
              "format": "short",
              "label": null,
              "logBase": 1,
              "max": null,
              "min": null,
              "show": true
            }
          ],
          "yaxis": {
            "align": false,
            "alignLevel": null
          }
        },
        {
          "aliasColors": {},
          "bars": false,
          "dashLength": 10,
          "dashes": false,
          "fill": 1,
          "gridPos": {
            "h": 9,
            "w": 11,
            "x": 0,
            "y": 41
          },
          "id": 46,
          "legend": {
            "alignAsTable": false,
            "avg": false,
            "current": false,
            "max": false,
            "min": false,
            "show": true,
            "total": false,
            "values": false
          },
          "lines": true,
          "linewidth": 1,
          "links": [],
          "nullPointMode": "null",
          "paceLength": 10,
          "percentage": false,
          "pointradius": 2,
          "points": false,
          "renderer": "flot",
          "seriesOverrides": [],
          "spaceLength": 10,
          "stack": false,
          "steppedLine": false,
          "targets": [
            {
              "expr": "wls_datasource_waiting_for_connection_current_count{weblogic_domainUID=\"$domainName\", weblogic_clusterName=\"$clusterName\", weblogic_serverName=~\"${serverName:regex}\"}",
              "format": "time_series",
              "intervalFactor": 1,
              "legendFormat": " {{name}} @ {{weblogic_serverName}}",
              "refId": "A"
            }
          ],
          "thresholds": [],
          "timeFrom": null,
          "timeRegions": [],
          "timeShift": null,
          "title": "Pending Connection Requests",
          "tooltip": {
            "shared": true,
            "sort": 0,
            "value_type": "individual"
          },
          "type": "graph",
          "xaxis": {
            "buckets": null,
            "mode": "time",
            "name": null,
            "show": true,
            "values": []
          },
          "yaxes": [
            {
              "decimals": 0,
              "format": "short",
              "label": null,
              "logBase": 1,
              "max": null,
              "min": "0",
              "show": true
            },
            {
              "format": "short",
              "label": null,
              "logBase": 1,
              "max": null,
              "min": null,
              "show": true
            }
          ],
          "yaxis": {
            "align": false,
            "alignLevel": null
          }
        },
        {
          "aliasColors": {},
          "bars": false,
          "dashLength": 10,
          "dashes": false,
          "fill": 1,
          "gridPos": {
            "h": 9,
            "w": 13,
            "x": 11,
            "y": 41
          },
          "id": 73,
          "legend": {
            "alignAsTable": false,
            "avg": false,
            "current": false,
            "max": false,
            "min": false,
            "show": true,
            "total": false,
            "values": false
          },
          "lines": true,
          "linewidth": 1,
          "links": [],
          "nullPointMode": "null",
          "paceLength": 10,
          "percentage": false,
          "pointradius": 2,
          "points": false,
          "renderer": "flot",
          "seriesOverrides": [],
          "spaceLength": 10,
          "stack": false,
          "steppedLine": false,
          "targets": [
            {
              "expr": "wls_datasource_connection_delay_time{weblogic_domainUID=\"$domainName\", weblogic_clusterName=\"$clusterName\", weblogic_serverName=~\"${serverName:regex}\"}",
              "format": "time_series",
              "intervalFactor": 1,
              "legendFormat": " {{name}} @ {{weblogic_serverName}}",
              "refId": "A"
            }
          ],
          "thresholds": [],
          "timeFrom": null,
          "timeRegions": [],
          "timeShift": null,
          "title": "Average Connection Delay Time",
          "tooltip": {
            "shared": true,
            "sort": 0,
            "value_type": "individual"
          },
          "type": "graph",
          "xaxis": {
            "buckets": null,
            "mode": "time",
            "name": null,
            "show": true,
            "values": []
          },
          "yaxes": [
            {
              "decimals": 0,
              "format": "ms",
              "label": null,
              "logBase": 1,
              "max": null,
              "min": "0",
              "show": true
            },
            {
              "format": "short",
              "label": null,
              "logBase": 1,
              "max": null,
              "min": null,
              "show": true
            }
          ],
          "yaxis": {
            "align": false,
            "alignLevel": null
          }
        }
      ],
      "title": "Data Sources",
      "type": "row"
    },
    {
      "collapsed": false,
      "gridPos": {
        "h": 1,
        "w": 24,
        "x": 0,
        "y": 29
      },
      "id": 40,
      "panels": [],
      "title": "JMS Services",
      "type": "row"
    },
    {
      "aliasColors": {},
      "bars": false,
      "dashLength": 10,
      "dashes": false,
      "fill": 1,
      "gridPos": {
        "h": 6,
        "w": 12,
        "x": 0,
        "y": 30
      },
      "id": 145,
      "legend": {
        "alignAsTable": false,
        "avg": false,
        "current": false,
        "max": false,
        "min": false,
        "rightSide": false,
        "show": true,
        "total": false,
        "values": false
      },
      "lines": true,
      "linewidth": 1,
      "links": [],
      "nullPointMode": "null",
      "paceLength": 10,
      "percentage": false,
      "pointradius": 2,
      "points": false,
      "renderer": "flot",
      "seriesOverrides": [],
      "spaceLength": 10,
      "stack": false,
      "steppedLine": false,
      "targets": [
        {
          "expr": "sum(wls_jmsruntime_connections_current_count{weblogic_domainUID=\"$domainName\", weblogic_clusterName=\"$clusterName\", weblogic_serverName=~\"${serverName:regex}\"}) by (weblogic_serverName)",
          "format": "time_series",
          "intervalFactor": 1,
          "legendFormat": "{{weblogic_serverName}}",
          "refId": "A"
        }
      ],
      "thresholds": [],
      "timeFrom": null,
      "timeRegions": [],
      "timeShift": null,
      "title": "JMS Connections",
      "tooltip": {
        "shared": true,
        "sort": 0,
        "value_type": "individual"
      },
      "type": "graph",
      "xaxis": {
        "buckets": null,
        "mode": "time",
        "name": null,
        "show": true,
        "values": []
      },
      "yaxes": [
        {
          "decimals": 0,
          "format": "short",
          "label": "",
          "logBase": 1,
          "max": null,
          "min": "0",
          "show": true
        },
        {
          "format": "short",
          "label": null,
          "logBase": 1,
          "max": null,
          "min": null,
          "show": true
        }
      ],
      "yaxis": {
        "align": false,
        "alignLevel": null
      }
    },
    {
      "aliasColors": {},
      "bars": false,
      "dashLength": 10,
      "dashes": false,
      "fill": 1,
      "gridPos": {
        "h": 6,
        "w": 12,
        "x": 12,
        "y": 30
      },
      "id": 147,
      "legend": {
        "alignAsTable": false,
        "avg": false,
        "current": false,
        "max": false,
        "min": false,
        "rightSide": false,
        "show": true,
        "total": false,
        "values": false
      },
      "lines": true,
      "linewidth": 1,
      "links": [],
      "nullPointMode": "null",
      "paceLength": 10,
      "percentage": false,
      "pointradius": 2,
      "points": false,
      "renderer": "flot",
      "seriesOverrides": [],
      "spaceLength": 10,
      "stack": false,
      "steppedLine": false,
      "targets": [
        {
          "expr": "sum(irate(wls_jmsruntime_connections_total_count{weblogic_domainUID=\"$domainName\", weblogic_clusterName=\"$clusterName\", weblogic_serverName=~\"${serverName:regex}\"}[5m])) by (weblogic_serverName)",
          "format": "time_series",
          "intervalFactor": 1,
          "legendFormat": "{{weblogic_serverName}}",
          "refId": "A"
        }
      ],
      "thresholds": [],
      "timeFrom": null,
      "timeRegions": [],
      "timeShift": null,
      "title": "JMS Connection Rate",
      "tooltip": {
        "shared": true,
        "sort": 0,
        "value_type": "individual"
      },
      "type": "graph",
      "xaxis": {
        "buckets": null,
        "mode": "time",
        "name": null,
        "show": true,
        "values": []
      },
      "yaxes": [
        {
          "decimals": null,
          "format": "short",
          "label": "",
          "logBase": 1,
          "max": null,
          "min": "0",
          "show": true
        },
        {
          "format": "short",
          "label": null,
          "logBase": 1,
          "max": null,
          "min": null,
          "show": true
        }
      ],
      "yaxis": {
        "align": false,
        "alignLevel": null
      }
    },
    {
      "columns": [],
      "fontSize": "100%",
      "gridPos": {
        "h": 4,
        "w": 24,
        "x": 0,
        "y": 36
      },
      "hideTimeOverride": true,
      "id": 113,
      "links": [],
      "pageSize": null,
      "scroll": true,
      "showHeader": true,
      "sort": {
        "col": 0,
        "desc": true
      },
      "styles": [
        {
          "alias": "Time",
          "dateFormat": "YYYY-MM-DD HH:mm:ss",
          "pattern": "Time",
          "type": "hidden"
        },
        {
          "alias": "Name",
          "colorMode": null,
          "colors": [
            "rgba(245, 54, 54, 0.9)",
            "rgba(237, 129, 40, 0.89)",
            "rgba(50, 172, 45, 0.97)"
          ],
          "dateFormat": "YYYY-MM-DD HH:mm:ss",
          "decimals": 2,
          "mappingType": 1,
          "pattern": "jmsserver",
          "thresholds": [],
          "type": "string",
          "unit": "short"
        },
        {
          "alias": "Current Dests",
          "colorMode": null,
          "colors": [
            "rgba(245, 54, 54, 0.9)",
            "rgba(237, 129, 40, 0.89)",
            "rgba(50, 172, 45, 0.97)"
          ],
          "dateFormat": "YYYY-MM-DD HH:mm:ss",
          "decimals": 0,
          "mappingType": 1,
          "pattern": "Value #B",
          "thresholds": [],
          "type": "number",
          "unit": "short"
        },
        {
          "alias": "Total  Msgs",
          "colorMode": null,
          "colors": [
            "rgba(245, 54, 54, 0.9)",
            "rgba(237, 129, 40, 0.89)",
            "rgba(50, 172, 45, 0.97)"
          ],
          "dateFormat": "YYYY-MM-DD HH:mm:ss",
          "decimals": 0,
          "mappingType": 1,
          "pattern": "Value #A",
          "thresholds": [],
          "type": "number",
          "unit": "short"
        },
        {
          "alias": "Total Bytes",
          "colorMode": null,
          "colors": [
            "rgba(245, 54, 54, 0.9)",
            "rgba(237, 129, 40, 0.89)",
            "rgba(50, 172, 45, 0.97)"
          ],
          "dateFormat": "YYYY-MM-DD HH:mm:ss",
          "decimals": 0,
          "mappingType": 1,
          "pattern": "Value #D",
          "thresholds": [],
          "type": "number",
          "unit": "bytes"
        },
        {
          "alias": "Total Dests",
          "colorMode": null,
          "colors": [
            "rgba(245, 54, 54, 0.9)",
            "rgba(237, 129, 40, 0.89)",
            "rgba(50, 172, 45, 0.97)"
          ],
          "dateFormat": "YYYY-MM-DD HH:mm:ss",
          "decimals": 0,
          "mappingType": 1,
          "pattern": "Value #E",
          "thresholds": [],
          "type": "number",
          "unit": "short"
        },
        {
          "alias": "",
          "colorMode": null,
          "colors": [
            "rgba(245, 54, 54, 0.9)",
            "rgba(237, 129, 40, 0.89)",
            "rgba(50, 172, 45, 0.97)"
          ],
          "decimals": 2,
          "pattern": "/.*/",
          "thresholds": [],
          "type": "hidden",
          "unit": "short"
        }
      ],
      "targets": [
        {
          "expr": "sum(wls_jms_destinations_current_count{weblogic_domainUID=\"$domainName\", weblogic_clusterName=\"$clusterName\", weblogic_serverName=~\"${serverName:regex}\"}) by (jmsserver)",
          "format": "table",
          "instant": true,
          "intervalFactor": 1,
          "refId": "B"
        },
        {
          "expr": "sum(wls_jms_messages_received_count{weblogic_domainUID=\"$domainName\", weblogic_clusterName=\"$clusterName\", weblogic_serverName=~\"${serverName:regex}\"}) by (jmsserver)",
          "format": "table",
          "instant": true,
          "intervalFactor": 1,
          "refId": "A"
        },
        {
          "expr": "sum(wls_jms_bytes_received_count{weblogic_domainUID=\"$domainName\", weblogic_clusterName=\"$clusterName\", weblogic_serverName=~\"${serverName:regex}\"}) by (jmsserver)",
          "format": "table",
          "instant": true,
          "intervalFactor": 1,
          "refId": "D"
        },
        {
          "expr": "sum(wls_jms_destinations_total_count{weblogic_domainUID=\"$domainName\", weblogic_clusterName=\"$clusterName\", weblogic_serverName=~\"${serverName:regex}\"}) by (jmsserver)",
          "format": "table",
          "instant": true,
          "intervalFactor": 1,
          "refId": "E"
        },
        {
          "expr": "sum(wls_jms_destinations_current_count{weblogic_domainUID=\"$domainName\", weblogic_clusterName=\"$clusterName\", weblogic_serverName=~\"${serverName:regex}\"}) by (jmsserver)",
          "format": "table",
          "instant": true,
          "intervalFactor": 1,
          "refId": "F"
        }
      ],
      "timeFrom": null,
      "timeShift": null,
      "title": "JMSServer Overview",
      "transform": "table",
      "type": "table"
    },
    {
      "aliasColors": {},
      "bars": false,
      "dashLength": 10,
      "dashes": false,
      "fill": 1,
      "gridPos": {
        "h": 7,
        "w": 12,
        "x": 0,
        "y": 40
      },
      "id": 54,
      "legend": {
        "alignAsTable": false,
        "avg": false,
        "current": true,
        "max": false,
        "min": false,
        "rightSide": false,
        "show": true,
        "total": false,
        "values": true
      },
      "lines": true,
      "linewidth": 1,
      "links": [],
      "nullPointMode": "null",
      "paceLength": 10,
      "percentage": false,
      "pointradius": 2,
      "points": false,
      "renderer": "flot",
      "seriesOverrides": [],
      "spaceLength": 10,
      "stack": false,
      "steppedLine": false,
      "targets": [
        {
          "expr": "sum(wls_jms_messages_current_count{weblogic_domainUID=\"$domainName\", weblogic_clusterName=\"$clusterName\", weblogic_serverName=~\"${serverName:regex}\"}) by (jmsserver)",
          "format": "time_series",
          "intervalFactor": 1,
          "legendFormat": "Current ({{jmsserver}})",
          "refId": "A"
        },
        {
          "expr": "sum(wls_jms_messages_pending_count{weblogic_domainUID=\"$domainName\", weblogic_clusterName=\"$clusterName\", weblogic_serverName=~\"${serverName:regex}\"}) by (jmsserver)",
          "format": "time_series",
          "intervalFactor": 1,
          "legendFormat": "Pending ({{jmsserver}})",
          "refId": "B"
        }
      ],
      "thresholds": [],
      "timeFrom": null,
      "timeRegions": [],
      "timeShift": null,
      "title": "Messages",
      "tooltip": {
        "shared": true,
        "sort": 0,
        "value_type": "individual"
      },
      "type": "graph",
      "xaxis": {
        "buckets": null,
        "mode": "time",
        "name": null,
        "show": true,
        "values": []
      },
      "yaxes": [
        {
          "decimals": 0,
          "format": "short",
          "label": "",
          "logBase": 1,
          "max": null,
          "min": "0",
          "show": true
        },
        {
          "format": "short",
          "label": null,
          "logBase": 1,
          "max": null,
          "min": null,
          "show": true
        }
      ],
      "yaxis": {
        "align": false,
        "alignLevel": null
      }
    },
    {
      "aliasColors": {},
      "bars": false,
      "dashLength": 10,
      "dashes": false,
      "fill": 1,
      "gridPos": {
        "h": 7,
        "w": 12,
        "x": 12,
        "y": 40
      },
      "id": 56,
      "legend": {
        "alignAsTable": false,
        "avg": false,
        "current": true,
        "max": false,
        "min": false,
        "show": true,
        "total": false,
        "values": true
      },
      "lines": true,
      "linewidth": 1,
      "links": [],
      "nullPointMode": "null",
      "paceLength": 10,
      "percentage": false,
      "pointradius": 2,
      "points": false,
      "renderer": "flot",
      "seriesOverrides": [],
      "spaceLength": 10,
      "stack": false,
      "steppedLine": false,
      "targets": [
        {
          "expr": "sum(wls_jms_bytes_current_count{weblogic_domainUID=\"$domainName\", weblogic_clusterName=\"$clusterName\", weblogic_serverName=~\"${serverName:regex}\"}) by (jmsserver)",
          "format": "time_series",
          "intervalFactor": 1,
          "legendFormat": "Current ({{jmsserver}})",
          "refId": "A"
        },
        {
          "expr": "sum(wls_jms_bytes_pending_count{weblogic_domainUID=\"$domainName\", weblogic_clusterName=\"$clusterName\", weblogic_serverName=~\"${serverName:regex}\"}) by (jmsserver)",
          "format": "time_series",
          "intervalFactor": 1,
          "legendFormat": "Pending ({{jmsserver}})",
          "refId": "B"
        }
      ],
      "thresholds": [],
      "timeFrom": null,
      "timeRegions": [],
      "timeShift": null,
      "title": "Bytes",
      "tooltip": {
        "shared": true,
        "sort": 0,
        "value_type": "individual"
      },
      "type": "graph",
      "xaxis": {
        "buckets": null,
        "mode": "time",
        "name": null,
        "show": true,
        "values": []
      },
      "yaxes": [
        {
          "decimals": 0,
          "format": "short",
          "label": "",
          "logBase": 1,
          "max": null,
          "min": "0",
          "show": true
        },
        {
          "format": "short",
          "label": null,
          "logBase": 1,
          "max": null,
          "min": null,
          "show": true
        }
      ],
      "yaxis": {
        "align": false,
        "alignLevel": null
      }
    },
    {
      "aliasColors": {},
      "bars": true,
      "dashLength": 10,
      "dashes": false,
      "fill": 1,
      "gridPos": {
        "h": 7,
        "w": 12,
        "x": 0,
        "y": 47
      },
      "id": 58,
      "legend": {
        "avg": false,
        "current": false,
        "max": false,
        "min": false,
        "show": true,
        "total": false,
        "values": false
      },
      "lines": true,
      "linewidth": 1,
      "links": [],
      "nullPointMode": "null",
      "paceLength": 10,
      "percentage": false,
      "pointradius": 2,
      "points": false,
      "renderer": "flot",
      "seriesOverrides": [],
      "spaceLength": 10,
      "stack": false,
      "steppedLine": false,
      "targets": [
        {
          "expr": "sum(irate(wls_jms_messages_received_count{weblogic_domainUID=\"$domainName\", weblogic_clusterName=\"$clusterName\", weblogic_serverName=~\"${serverName:regex}\"}[5m])) by (jmsserver)",
          "format": "time_series",
          "intervalFactor": 1,
          "legendFormat": "{{jmsserver}}",
          "refId": "A"
        }
      ],
      "thresholds": [],
      "timeFrom": null,
      "timeRegions": [],
      "timeShift": null,
      "title": "Received Message Rate ",
      "tooltip": {
        "shared": true,
        "sort": 0,
        "value_type": "individual"
      },
      "type": "graph",
      "xaxis": {
        "buckets": null,
        "mode": "time",
        "name": null,
        "show": true,
        "values": []
      },
      "yaxes": [
        {
          "decimals": null,
          "format": "short",
          "label": "",
          "logBase": 1,
          "max": null,
          "min": "0",
          "show": true
        },
        {
          "format": "short",
          "label": null,
          "logBase": 1,
          "max": null,
          "min": null,
          "show": true
        }
      ],
      "yaxis": {
        "align": false,
        "alignLevel": null
      }
    },
    {
      "aliasColors": {},
      "bars": true,
      "dashLength": 10,
      "dashes": false,
      "fill": 1,
      "gridPos": {
        "h": 7,
        "w": 12,
        "x": 12,
        "y": 47
      },
      "id": 117,
      "legend": {
        "avg": false,
        "current": false,
        "max": false,
        "min": false,
        "show": true,
        "total": false,
        "values": false
      },
      "lines": true,
      "linewidth": 1,
      "links": [],
      "nullPointMode": "null",
      "paceLength": 10,
      "percentage": false,
      "pointradius": 2,
      "points": false,
      "renderer": "flot",
      "seriesOverrides": [],
      "spaceLength": 10,
      "stack": false,
      "steppedLine": false,
      "targets": [
        {
          "expr": "sum(irate(wls_jms_bytes_received_count{weblogic_domainUID=\"$domainName\", weblogic_clusterName=\"$clusterName\", weblogic_serverName=~\"${serverName:regex}\"}[5m])) by (jmsserver)",
          "format": "time_series",
          "intervalFactor": 1,
          "legendFormat": "{{jmsserver}}",
          "refId": "A"
        }
      ],
      "thresholds": [],
      "timeFrom": null,
      "timeRegions": [],
      "timeShift": null,
      "title": "Received Byte Rate",
      "tooltip": {
        "shared": true,
        "sort": 0,
        "value_type": "individual"
      },
      "type": "graph",
      "xaxis": {
        "buckets": null,
        "mode": "time",
        "name": null,
        "show": true,
        "values": []
      },
      "yaxes": [
        {
          "decimals": null,
          "format": "short",
          "label": "",
          "logBase": 1,
          "max": null,
          "min": "0",
          "show": true
        },
        {
          "format": "short",
          "label": null,
          "logBase": 1,
          "max": null,
          "min": null,
          "show": true
        }
      ],
      "yaxis": {
        "align": false,
        "alignLevel": null
      }
    },
    {
      "columns": [],
      "fontSize": "100%",
      "gridPos": {
        "h": 5,
        "w": 24,
        "x": 0,
        "y": 54
      },
      "hideTimeOverride": true,
      "id": 119,
      "links": [],
      "pageSize": null,
      "scroll": true,
      "showHeader": true,
      "sort": {
        "col": 3,
        "desc": false
      },
      "styles": [
        {
          "alias": "Time",
          "dateFormat": "YYYY-MM-DD HH:mm:ss",
          "pattern": "Time",
          "type": "hidden"
        },
        {
          "alias": "Destination",
          "colorMode": null,
          "colors": [
            "rgba(245, 54, 54, 0.9)",
            "rgba(237, 129, 40, 0.89)",
            "rgba(50, 172, 45, 0.97)"
          ],
          "dateFormat": "YYYY-MM-DD HH:mm:ss",
          "decimals": 2,
          "mappingType": 1,
          "pattern": "destination",
          "thresholds": [],
          "type": "string",
          "unit": "short"
        },
        {
          "alias": "Current Consumers",
          "colorMode": null,
          "colors": [
            "rgba(245, 54, 54, 0.9)",
            "rgba(237, 129, 40, 0.89)",
            "rgba(50, 172, 45, 0.97)"
          ],
          "dateFormat": "YYYY-MM-DD HH:mm:ss",
          "decimals": 0,
          "mappingType": 1,
          "pattern": "Value #A",
          "thresholds": [],
          "type": "number",
          "unit": "short"
        },
        {
          "alias": "Current Msgs",
          "colorMode": null,
          "colors": [
            "rgba(245, 54, 54, 0.9)",
            "rgba(237, 129, 40, 0.89)",
            "rgba(50, 172, 45, 0.97)"
          ],
          "dateFormat": "YYYY-MM-DD HH:mm:ss",
          "decimals": 0,
          "mappingType": 1,
          "pattern": "Value #B",
          "thresholds": [],
          "type": "number",
          "unit": "short"
        },
        {
          "alias": "Pending Msgs",
          "colorMode": null,
          "colors": [
            "rgba(245, 54, 54, 0.9)",
            "rgba(237, 129, 40, 0.89)",
            "rgba(50, 172, 45, 0.97)"
          ],
          "dateFormat": "YYYY-MM-DD HH:mm:ss",
          "decimals": 0,
          "mappingType": 1,
          "pattern": "Value #C",
          "thresholds": [],
          "type": "number",
          "unit": "short"
        },
        {
          "alias": "Currrent Bytes",
          "colorMode": null,
          "colors": [
            "rgba(245, 54, 54, 0.9)",
            "rgba(237, 129, 40, 0.89)",
            "rgba(50, 172, 45, 0.97)"
          ],
          "dateFormat": "YYYY-MM-DD HH:mm:ss",
          "decimals": 0,
          "mappingType": 1,
          "pattern": "Value #D",
          "thresholds": [],
          "type": "number",
          "unit": "bytes"
        },
        {
          "alias": "Pending Bytes",
          "colorMode": null,
          "colors": [
            "rgba(245, 54, 54, 0.9)",
            "rgba(237, 129, 40, 0.89)",
            "rgba(50, 172, 45, 0.97)"
          ],
          "dateFormat": "YYYY-MM-DD HH:mm:ss",
          "decimals": 0,
          "mappingType": 1,
          "pattern": "Value #E",
          "thresholds": [],
          "type": "number",
          "unit": "short"
        },
        {
          "alias": "Total Msgs",
          "colorMode": null,
          "colors": [
            "rgba(245, 54, 54, 0.9)",
            "rgba(237, 129, 40, 0.89)",
            "rgba(50, 172, 45, 0.97)"
          ],
          "dateFormat": "YYYY-MM-DD HH:mm:ss",
          "decimals": 0,
          "mappingType": 1,
          "pattern": "Value #F",
          "thresholds": [],
          "type": "number",
          "unit": "short"
        },
        {
          "alias": "Total Bytes",
          "colorMode": null,
          "colors": [
            "rgba(245, 54, 54, 0.9)",
            "rgba(237, 129, 40, 0.89)",
            "rgba(50, 172, 45, 0.97)"
          ],
          "dateFormat": "YYYY-MM-DD HH:mm:ss",
          "decimals": 0,
          "mappingType": 1,
          "pattern": "Value #G",
          "thresholds": [],
          "type": "number",
          "unit": "short"
        },
        {
          "alias": "",
          "colorMode": null,
          "colors": [
            "rgba(245, 54, 54, 0.9)",
            "rgba(237, 129, 40, 0.89)",
            "rgba(50, 172, 45, 0.97)"
          ],
          "decimals": 2,
          "pattern": "/.*/",
          "thresholds": [],
          "type": "hidden",
          "unit": "short"
        }
      ],
      "targets": [
        {
          "expr": "sum(wls_jms_dest_consumers_current_count{weblogic_domainUID=\"$domainName\", weblogic_clusterName=\"$clusterName\", weblogic_serverName=~\"${serverName:regex}\"}) by (destination)",
          "format": "table",
          "instant": true,
          "intervalFactor": 1,
          "refId": "A"
        },
        {
          "expr": "sum(wls_jms_dest_messages_current_count{weblogic_domainUID=\"$domainName\", weblogic_clusterName=\"$clusterName\", weblogic_serverName=~\"${serverName:regex}\"}) by (destination)",
          "format": "table",
          "instant": true,
          "intervalFactor": 1,
          "refId": "B"
        },
        {
          "expr": "sum(wls_jms_dest_messages_pending_count{weblogic_domainUID=\"$domainName\", weblogic_clusterName=\"$clusterName\", weblogic_serverName=~\"${serverName:regex}\"}) by (destination)",
          "format": "table",
          "instant": true,
          "intervalFactor": 1,
          "refId": "C"
        },
        {
          "expr": "sum(wls_jms_dest_bytes_current_count{weblogic_domainUID=\"$domainName\", weblogic_clusterName=\"$clusterName\", weblogic_serverName=~\"${serverName:regex}\"}) by (destination)",
          "format": "table",
          "instant": true,
          "intervalFactor": 1,
          "refId": "D"
        },
        {
          "expr": "sum(wls_jms_dest_bytes_pending_count{weblogic_domainUID=\"$domainName\", weblogic_clusterName=\"$clusterName\", weblogic_serverName=~\"${serverName:regex}\"}) by (destination)",
          "format": "table",
          "instant": true,
          "intervalFactor": 1,
          "refId": "E"
        },
        {
          "expr": "sum(wls_jms_dest_messages_received_count{weblogic_domainUID=\"$domainName\", weblogic_clusterName=\"$clusterName\", weblogic_serverName=~\"${serverName:regex}\"}) by (destination)",
          "format": "table",
          "instant": true,
          "interval": "",
          "intervalFactor": 1,
          "refId": "F"
        },
        {
          "expr": "sum(wls_jms_dest_bytes_received_count{weblogic_domainUID=\"$domainName\", weblogic_clusterName=\"$clusterName\", weblogic_serverName=~\"${serverName:regex}\"}) by (destination)",
          "format": "table",
          "instant": true,
          "intervalFactor": 1,
          "refId": "G"
        }
      ],
      "timeFrom": null,
      "timeShift": null,
      "title": "Destinations Overview",
      "transform": "table",
      "type": "table"
    }
  ],
  "refresh": false,
  "schemaVersion": 18,
  "style": "dark",
  "tags": [],
  "templating": {
    "list": [
      {
        "allValue": null,
        "current": {
          "text": "domain1",
          "value": "domain1"
        },
        "datasource": "Prometheus",
        "definition": "label_values(weblogic_domainUID)",
        "hide": 0,
        "includeAll": false,
        "label": "Domain",
        "multi": false,
        "name": "domainName",
        "options": [],
        "query": "label_values(weblogic_domainUID)",
        "refresh": 2,
        "regex": "",
        "skipUrlSync": false,
        "sort": 1,
        "tagValuesQuery": "",
        "tags": [],
        "tagsQuery": "",
        "type": "query",
        "useTags": false
      },
      {
        "allValue": null,
        "current": {
          "text": "cluster-1",
          "value": "cluster-1"
        },
        "datasource": "Prometheus",
        "definition": "label_values(wls_jvm_uptime{weblogic_domainUID=\"$domainName\"},weblogic_clusterName)",
        "hide": 0,
        "includeAll": false,
        "label": "Cluster",
        "multi": false,
        "name": "clusterName",
        "options": [],
        "query": "label_values(wls_jvm_uptime{weblogic_domainUID=\"$domainName\"},weblogic_clusterName)",
        "refresh": 2,
        "regex": "",
        "skipUrlSync": false,
        "sort": 1,
        "tagValuesQuery": "",
        "tags": [],
        "tagsQuery": "weblogic_domainUID=$domainName",
        "type": "query",
        "useTags": false
      },
      {
        "allValue": null,
        "current": {
          "text": "All",
          "value": [
            "$__all"
          ]
        },
        "datasource": "Prometheus",
        "definition": "label_values(wls_jvm_uptime{weblogic_domainUID=\"$domainName\", weblogic_clusterName=\"$clusterName\"},weblogic_serverName)",
        "hide": 0,
        "includeAll": true,
        "label": "Server",
        "multi": true,
        "name": "serverName",
        "options": [],
        "query": "label_values(wls_jvm_uptime{weblogic_domainUID=\"$domainName\", weblogic_clusterName=\"$clusterName\"},weblogic_serverName)",
        "refresh": 2,
        "regex": "",
        "skipUrlSync": false,
        "sort": 0,
        "tagValuesQuery": "",
        "tags": [],
        "tagsQuery": "",
        "type": "query",
        "useTags": false
      },
      {
        "allValue": null,
        "current": {
          "selected": false,
          "tags": [],
          "text": "5",
          "value": "5"
        },
        "hide": 0,
        "includeAll": false,
        "label": "Top N",
        "multi": false,
        "name": "topN",
        "options": [
          {
            "selected": false,
            "text": "3",
            "value": "3"
          },
          {
            "selected": true,
            "text": "5",
            "value": "5"
          },
          {
            "selected": false,
            "text": "7",
            "value": "7"
          },
          {
            "selected": false,
            "text": "10",
            "value": "10"
          }
        ],
        "query": "3, 5, 7, 10",
        "skipUrlSync": false,
        "type": "custom"
      }
    ]
  },
  "time": {
    "from": "now-30m",
    "to": "now"
  },
  "timepicker": {
    "hidden": false,
    "refresh_intervals": [
      "5s",
      "10s",
      "30s",
      "1m",
      "5m",
      "15m",
      "30m",
      "1h",
      "2h",
      "1d"
    ],
    "time_options": [
      "5m",
      "15m",
      "1h",
      "6h",
      "12h",
      "24h",
      "2d",
      "7d",
      "30d"
    ]
  },
  "timezone": "",
  "title": "WebLogic Server Dashboard",
  "uid": "5yUwzbZWz",
  "version": 1
}